File,windows\runner\resources\app_icon.ico,90
File,windows\runner\CMakeLists.txt,41
File,windows\runner\flutter_window.cpp,72
File,windows\runner\flutter_window.h,34
File,windows\runner\main.cpp,44
File,windows\runner\resource.h,17
Folder,windows\runner\resources,90
File,windows\runner\runner.exe.manifest,21
File,windows\runner\Runner.rc,122
File,windows\runner\utils.cpp,66
File,windows\runner\utils.h,20
File,windows\runner\win32_window.cpp,289
File,windows\runner\win32_window.h,103
File,windows\flutter\ephemeral\.plugin_symlinks\url_launcher_windows\windows\test\url_launcher_windows_test.cpp,125
File,windows\flutter\ephemeral\.plugin_symlinks\url_launcher_windows\windows\include\url_launcher_windows\url_launcher_windows.h,27
Folder,windows\flutter\ephemeral\.plugin_symlinks\url_launcher_windows\windows\include\url_launcher_windows,27
File,windows\flutter\ephemeral\.plugin_symlinks\url_launcher_windows\windows\CMakeLists.txt,76
Folder,windows\flutter\ephemeral\.plugin_symlinks\url_launcher_windows\windows\include,27
File,windows\flutter\ephemeral\.plugin_symlinks\url_launcher_windows\windows\messages.g.cpp,116
File,windows\flutter\ephemeral\.plugin_symlinks\url_launcher_windows\windows\messages.g.h,85
File,windows\flutter\ephemeral\.plugin_symlinks\url_launcher_windows\windows\system_apis.cpp,39
File,windows\flutter\ephemeral\.plugin_symlinks\url_launcher_windows\windows\system_apis.h,57
Folder,windows\flutter\ephemeral\.plugin_symlinks\url_launcher_windows\windows\test,125
File,windows\flutter\ephemeral\.plugin_symlinks\url_launcher_windows\windows\url_launcher_plugin.cpp,119
File,windows\flutter\ephemeral\.plugin_symlinks\url_launcher_windows\windows\url_launcher_plugin.h,44
File,windows\flutter\ephemeral\.plugin_symlinks\url_launcher_windows\windows\url_launcher_windows.cpp,16
File,windows\flutter\ephemeral\.plugin_symlinks\url_launcher_windows\test\url_launcher_windows_test.dart,145
File,windows\flutter\ephemeral\.plugin_symlinks\url_launcher_windows\pigeons\copyright.txt,4
File,windows\flutter\ephemeral\.plugin_symlinks\url_launcher_windows\pigeons\messages.dart,19
File,windows\flutter\ephemeral\.plugin_symlinks\url_launcher_windows\lib\src\messages.g.dart,73
Folder,windows\flutter\ephemeral\.plugin_symlinks\url_launcher_windows\lib\src,73
File,windows\flutter\ephemeral\.plugin_symlinks\url_launcher_windows\lib\url_launcher_windows.dart,61
File,windows\flutter\ephemeral\.plugin_symlinks\url_launcher_windows\example\windows\runner\resources\app_icon.ico,90
File,windows\flutter\ephemeral\.plugin_symlinks\url_launcher_windows\example\windows\runner\CMakeLists.txt,19
File,windows\flutter\ephemeral\.plugin_symlinks\url_launcher_windows\example\windows\runner\flutter_window.cpp,69
File,windows\flutter\ephemeral\.plugin_symlinks\url_launcher_windows\example\windows\runner\flutter_window.h,44
File,windows\flutter\ephemeral\.plugin_symlinks\url_launcher_windows\example\windows\runner\main.cpp,41
File,windows\flutter\ephemeral\.plugin_symlinks\url_launcher_windows\example\windows\runner\resource.h,17
Folder,windows\flutter\ephemeral\.plugin_symlinks\url_launcher_windows\example\windows\runner\resources,90
File,windows\flutter\ephemeral\.plugin_symlinks\url_launcher_windows\example\windows\runner\runner.exe.manifest,21
File,windows\flutter\ephemeral\.plugin_symlinks\url_launcher_windows\example\windows\runner\Runner.rc,122
File,windows\flutter\ephemeral\.plugin_symlinks\url_launcher_windows\example\windows\runner\run_loop.cpp,71
File,windows\flutter\ephemeral\.plugin_symlinks\url_launcher_windows\example\windows\runner\run_loop.h,43
File,windows\flutter\ephemeral\.plugin_symlinks\url_launcher_windows\example\windows\runner\utils.cpp,27
File,windows\flutter\ephemeral\.plugin_symlinks\url_launcher_windows\example\windows\runner\utils.h,13
File,windows\flutter\ephemeral\.plugin_symlinks\url_launcher_windows\example\windows\runner\win32_window.cpp,241
File,windows\flutter\ephemeral\.plugin_symlinks\url_launcher_windows\example\windows\runner\win32_window.h,100
File,windows\flutter\ephemeral\.plugin_symlinks\url_launcher_windows\example\windows\flutter\CMakeLists.txt,103
File,windows\flutter\ephemeral\.plugin_symlinks\url_launcher_windows\example\windows\flutter\generated_plugins.cmake,25
File,windows\flutter\ephemeral\.plugin_symlinks\url_launcher_windows\example\windows\CMakeLists.txt,101
Folder,windows\flutter\ephemeral\.plugin_symlinks\url_launcher_windows\example\windows\flutter,128
Folder,windows\flutter\ephemeral\.plugin_symlinks\url_launcher_windows\example\windows\runner,918
File,windows\flutter\ephemeral\.plugin_symlinks\url_launcher_windows\example\test_driver\integration_test.dart,8
File,windows\flutter\ephemeral\.plugin_symlinks\url_launcher_windows\example\lib\main.dart,96
File,windows\flutter\ephemeral\.plugin_symlinks\url_launcher_windows\example\integration_test\url_launcher_test.dart,21
Folder,windows\flutter\ephemeral\.plugin_symlinks\url_launcher_windows\example\integration_test,21
Folder,windows\flutter\ephemeral\.plugin_symlinks\url_launcher_windows\example\lib,96
File,windows\flutter\ephemeral\.plugin_symlinks\url_launcher_windows\example\pubspec.yaml,29
File,windows\flutter\ephemeral\.plugin_symlinks\url_launcher_windows\example\README.md,10
Folder,windows\flutter\ephemeral\.plugin_symlinks\url_launcher_windows\example\test_driver,8
Folder,windows\flutter\ephemeral\.plugin_symlinks\url_launcher_windows\example\windows,1147
File,windows\flutter\ephemeral\.plugin_symlinks\url_launcher_windows\AUTHORS,67
File,windows\flutter\ephemeral\.plugin_symlinks\url_launcher_windows\CHANGELOG.md,95
Folder,windows\flutter\ephemeral\.plugin_symlinks\url_launcher_windows\example,1311
Folder,windows\flutter\ephemeral\.plugin_symlinks\url_launcher_windows\lib,134
File,windows\flutter\ephemeral\.plugin_symlinks\url_launcher_windows\LICENSE,26
Folder,windows\flutter\ephemeral\.plugin_symlinks\url_launcher_windows\pigeons,23
File,windows\flutter\ephemeral\.plugin_symlinks\url_launcher_windows\pubspec.yaml,35
File,windows\flutter\ephemeral\.plugin_symlinks\url_launcher_windows\README.md,16
Folder,windows\flutter\ephemeral\.plugin_symlinks\url_launcher_windows\test,145
Folder,windows\flutter\ephemeral\.plugin_symlinks\url_launcher_windows\windows,704
File,windows\flutter\ephemeral\.plugin_symlinks\shared_preferences_windows\test\shared_preferences_windows_test.dart,287
File,windows\flutter\ephemeral\.plugin_symlinks\shared_preferences_windows\lib\shared_preferences_windows.dart,167
File,windows\flutter\ephemeral\.plugin_symlinks\shared_preferences_windows\example\windows\runner\resources\app_icon.ico,90
File,windows\flutter\ephemeral\.plugin_symlinks\shared_preferences_windows\example\windows\runner\CMakeLists.txt,19
File,windows\flutter\ephemeral\.plugin_symlinks\shared_preferences_windows\example\windows\runner\flutter_window.cpp,69
File,windows\flutter\ephemeral\.plugin_symlinks\shared_preferences_windows\example\windows\runner\flutter_window.h,44
File,windows\flutter\ephemeral\.plugin_symlinks\shared_preferences_windows\example\windows\runner\main.cpp,41
File,windows\flutter\ephemeral\.plugin_symlinks\shared_preferences_windows\example\windows\runner\resource.h,17
Folder,windows\flutter\ephemeral\.plugin_symlinks\shared_preferences_windows\example\windows\runner\resources,90
File,windows\flutter\ephemeral\.plugin_symlinks\shared_preferences_windows\example\windows\runner\runner.exe.manifest,21
File,windows\flutter\ephemeral\.plugin_symlinks\shared_preferences_windows\example\windows\runner\Runner.rc,122
File,windows\flutter\ephemeral\.plugin_symlinks\shared_preferences_windows\example\windows\runner\run_loop.cpp,71
File,windows\flutter\ephemeral\.plugin_symlinks\shared_preferences_windows\example\windows\runner\run_loop.h,43
File,windows\flutter\ephemeral\.plugin_symlinks\shared_preferences_windows\example\windows\runner\utils.cpp,27
File,windows\flutter\ephemeral\.plugin_symlinks\shared_preferences_windows\example\windows\runner\utils.h,13
File,windows\flutter\ephemeral\.plugin_symlinks\shared_preferences_windows\example\windows\runner\win32_window.cpp,241
File,windows\flutter\ephemeral\.plugin_symlinks\shared_preferences_windows\example\windows\runner\win32_window.h,100
File,windows\flutter\ephemeral\.plugin_symlinks\shared_preferences_windows\example\windows\flutter\CMakeLists.txt,102
File,windows\flutter\ephemeral\.plugin_symlinks\shared_preferences_windows\example\windows\flutter\generated_plugins.cmake,24
File,windows\flutter\ephemeral\.plugin_symlinks\shared_preferences_windows\example\windows\CMakeLists.txt,96
Folder,windows\flutter\ephemeral\.plugin_symlinks\shared_preferences_windows\example\windows\flutter,126
Folder,windows\flutter\ephemeral\.plugin_symlinks\shared_preferences_windows\example\windows\runner,918
File,windows\flutter\ephemeral\.plugin_symlinks\shared_preferences_windows\example\test_driver\integration_test.dart,8
File,windows\flutter\ephemeral\.plugin_symlinks\shared_preferences_windows\example\lib\main.dart,92
File,windows\flutter\ephemeral\.plugin_symlinks\shared_preferences_windows\example\integration_test\shared_preferences_test.dart,340
File,windows\flutter\ephemeral\.plugin_symlinks\shared_preferences_windows\example\AUTHORS,66
Folder,windows\flutter\ephemeral\.plugin_symlinks\shared_preferences_windows\example\integration_test,340
Folder,windows\flutter\ephemeral\.plugin_symlinks\shared_preferences_windows\example\lib,92
File,windows\flutter\ephemeral\.plugin_symlinks\shared_preferences_windows\example\LICENSE,26
File,windows\flutter\ephemeral\.plugin_symlinks\shared_preferences_windows\example\pubspec.yaml,29
File,windows\flutter\ephemeral\.plugin_symlinks\shared_preferences_windows\example\README.md,10
Folder,windows\flutter\ephemeral\.plugin_symlinks\shared_preferences_windows\example\test_driver,8
Folder,windows\flutter\ephemeral\.plugin_symlinks\shared_preferences_windows\example\windows,1140
File,windows\flutter\ephemeral\.plugin_symlinks\shared_preferences_windows\AUTHORS,67
File,windows\flutter\ephemeral\.plugin_symlinks\shared_preferences_windows\CHANGELOG.md,101
Folder,windows\flutter\ephemeral\.plugin_symlinks\shared_preferences_windows\example,1711
Folder,windows\flutter\ephemeral\.plugin_symlinks\shared_preferences_windows\lib,167
File,windows\flutter\ephemeral\.plugin_symlinks\shared_preferences_windows\LICENSE,26
File,windows\flutter\ephemeral\.plugin_symlinks\shared_preferences_windows\pubspec.yaml,35
File,windows\flutter\ephemeral\.plugin_symlinks\shared_preferences_windows\README.md,16
Folder,windows\flutter\ephemeral\.plugin_symlinks\shared_preferences_windows\test,287
File,windows\flutter\ephemeral\.plugin_symlinks\path_provider_windows\test\path_provider_windows_test.dart,189
File,windows\flutter\ephemeral\.plugin_symlinks\path_provider_windows\lib\src\folders.dart,244
File,windows\flutter\ephemeral\.plugin_symlinks\path_provider_windows\lib\src\folders_stub.dart,7
File,windows\flutter\ephemeral\.plugin_symlinks\path_provider_windows\lib\src\path_provider_windows_real.dart,266
File,windows\flutter\ephemeral\.plugin_symlinks\path_provider_windows\lib\src\path_provider_windows_stub.dart,35
File,windows\flutter\ephemeral\.plugin_symlinks\path_provider_windows\lib\path_provider_windows.dart,11
Folder,windows\flutter\ephemeral\.plugin_symlinks\path_provider_windows\lib\src,552
File,windows\flutter\ephemeral\.plugin_symlinks\path_provider_windows\example\windows\runner\resources\app_icon.ico,90
File,windows\flutter\ephemeral\.plugin_symlinks\path_provider_windows\example\windows\runner\CMakeLists.txt,19
File,windows\flutter\ephemeral\.plugin_symlinks\path_provider_windows\example\windows\runner\flutter_window.cpp,69
File,windows\flutter\ephemeral\.plugin_symlinks\path_provider_windows\example\windows\runner\flutter_window.h,44
File,windows\flutter\ephemeral\.plugin_symlinks\path_provider_windows\example\windows\runner\main.cpp,41
File,windows\flutter\ephemeral\.plugin_symlinks\path_provider_windows\example\windows\runner\resource.h,17
Folder,windows\flutter\ephemeral\.plugin_symlinks\path_provider_windows\example\windows\runner\resources,90
File,windows\flutter\ephemeral\.plugin_symlinks\path_provider_windows\example\windows\runner\runner.exe.manifest,21
File,windows\flutter\ephemeral\.plugin_symlinks\path_provider_windows\example\windows\runner\Runner.rc,122
File,windows\flutter\ephemeral\.plugin_symlinks\path_provider_windows\example\windows\runner\run_loop.cpp,71
File,windows\flutter\ephemeral\.plugin_symlinks\path_provider_windows\example\windows\runner\run_loop.h,43
File,windows\flutter\ephemeral\.plugin_symlinks\path_provider_windows\example\windows\runner\utils.cpp,27
File,windows\flutter\ephemeral\.plugin_symlinks\path_provider_windows\example\windows\runner\utils.h,13
File,windows\flutter\ephemeral\.plugin_symlinks\path_provider_windows\example\windows\runner\win32_window.cpp,241
File,windows\flutter\ephemeral\.plugin_symlinks\path_provider_windows\example\windows\runner\win32_window.h,100
File,windows\flutter\ephemeral\.plugin_symlinks\path_provider_windows\example\windows\flutter\CMakeLists.txt,103
File,windows\flutter\ephemeral\.plugin_symlinks\path_provider_windows\example\windows\flutter\generated_plugins.cmake,24
File,windows\flutter\ephemeral\.plugin_symlinks\path_provider_windows\example\windows\CMakeLists.txt,96
Folder,windows\flutter\ephemeral\.plugin_symlinks\path_provider_windows\example\windows\flutter,127
Folder,windows\flutter\ephemeral\.plugin_symlinks\path_provider_windows\example\windows\runner,918
File,windows\flutter\ephemeral\.plugin_symlinks\path_provider_windows\example\test_driver\integration_test.dart,8
File,windows\flutter\ephemeral\.plugin_symlinks\path_provider_windows\example\lib\main.dart,104
File,windows\flutter\ephemeral\.plugin_symlinks\path_provider_windows\example\integration_test\path_provider_test.dart,64
Folder,windows\flutter\ephemeral\.plugin_symlinks\path_provider_windows\example\integration_test,64
Folder,windows\flutter\ephemeral\.plugin_symlinks\path_provider_windows\example\lib,104
File,windows\flutter\ephemeral\.plugin_symlinks\path_provider_windows\example\pubspec.yaml,28
File,windows\flutter\ephemeral\.plugin_symlinks\path_provider_windows\example\README.md,10
Folder,windows\flutter\ephemeral\.plugin_symlinks\path_provider_windows\example\test_driver,8
Folder,windows\flutter\ephemeral\.plugin_symlinks\path_provider_windows\example\windows,1141
File,windows\flutter\ephemeral\.plugin_symlinks\path_provider_windows\AUTHORS,67
File,windows\flutter\ephemeral\.plugin_symlinks\path_provider_windows\CHANGELOG.md,119
Folder,windows\flutter\ephemeral\.plugin_symlinks\path_provider_windows\example,1355
Folder,windows\flutter\ephemeral\.plugin_symlinks\path_provider_windows\lib,563
File,windows\flutter\ephemeral\.plugin_symlinks\path_provider_windows\LICENSE,26
File,windows\flutter\ephemeral\.plugin_symlinks\path_provider_windows\pubspec.yaml,34
File,windows\flutter\ephemeral\.plugin_symlinks\path_provider_windows\README.md,16
Folder,windows\flutter\ephemeral\.plugin_symlinks\path_provider_windows\test,189
File,windows\flutter\ephemeral\.plugin_symlinks\image_picker_windows\test\image_picker_windows_test.dart,188
File,windows\flutter\ephemeral\.plugin_symlinks\image_picker_windows\test\image_picker_windows_test.mocks.dart,121
File,windows\flutter\ephemeral\.plugin_symlinks\image_picker_windows\lib\image_picker_windows.dart,211
File,windows\flutter\ephemeral\.plugin_symlinks\image_picker_windows\example\windows\runner\resources\app_icon.ico,90
File,windows\flutter\ephemeral\.plugin_symlinks\image_picker_windows\example\windows\runner\CMakeLists.txt,18
File,windows\flutter\ephemeral\.plugin_symlinks\image_picker_windows\example\windows\runner\flutter_window.cpp,66
File,windows\flutter\ephemeral\.plugin_symlinks\image_picker_windows\example\windows\runner\flutter_window.h,38
File,windows\flutter\ephemeral\.plugin_symlinks\image_picker_windows\example\windows\runner\main.cpp,47
File,windows\flutter\ephemeral\.plugin_symlinks\image_picker_windows\example\windows\runner\resource.h,17
Folder,windows\flutter\ephemeral\.plugin_symlinks\image_picker_windows\example\windows\runner\resources,90
File,windows\flutter\ephemeral\.plugin_symlinks\image_picker_windows\example\windows\runner\runner.exe.manifest,21
File,windows\flutter\ephemeral\.plugin_symlinks\image_picker_windows\example\windows\runner\Runner.rc,122
File,windows\flutter\ephemeral\.plugin_symlinks\image_picker_windows\example\windows\runner\utils.cpp,68
File,windows\flutter\ephemeral\.plugin_symlinks\image_picker_windows\example\windows\runner\utils.h,24
File,windows\flutter\ephemeral\.plugin_symlinks\image_picker_windows\example\windows\runner\win32_window.cpp,242
File,windows\flutter\ephemeral\.plugin_symlinks\image_picker_windows\example\windows\runner\win32_window.h,100
File,windows\flutter\ephemeral\.plugin_symlinks\image_picker_windows\example\windows\flutter\CMakeLists.txt,104
File,windows\flutter\ephemeral\.plugin_symlinks\image_picker_windows\example\windows\flutter\generated_plugins.cmake,25
File,windows\flutter\ephemeral\.plugin_symlinks\image_picker_windows\example\windows\CMakeLists.txt,96
Folder,windows\flutter\ephemeral\.plugin_symlinks\image_picker_windows\example\windows\flutter,129
Folder,windows\flutter\ephemeral\.plugin_symlinks\image_picker_windows\example\windows\runner,853
File,windows\flutter\ephemeral\.plugin_symlinks\image_picker_windows\example\lib\main.dart,517
Folder,windows\flutter\ephemeral\.plugin_symlinks\image_picker_windows\example\lib,517
File,windows\flutter\ephemeral\.plugin_symlinks\image_picker_windows\example\pubspec.yaml,30
File,windows\flutter\ephemeral\.plugin_symlinks\image_picker_windows\example\README.md,10
Folder,windows\flutter\ephemeral\.plugin_symlinks\image_picker_windows\example\windows,1078
File,windows\flutter\ephemeral\.plugin_symlinks\image_picker_windows\AUTHORS,8
File,windows\flutter\ephemeral\.plugin_symlinks\image_picker_windows\CHANGELOG.md,46
Folder,windows\flutter\ephemeral\.plugin_symlinks\image_picker_windows\example,1635
Folder,windows\flutter\ephemeral\.plugin_symlinks\image_picker_windows\lib,211
File,windows\flutter\ephemeral\.plugin_symlinks\image_picker_windows\LICENSE,26
File,windows\flutter\ephemeral\.plugin_symlinks\image_picker_windows\pubspec.yaml,35
File,windows\flutter\ephemeral\.plugin_symlinks\image_picker_windows\README.md,28
Folder,windows\flutter\ephemeral\.plugin_symlinks\image_picker_windows\test,309
File,windows\flutter\ephemeral\.plugin_symlinks\geolocator_windows\windows\include\geolocator_windows\geolocator_windows.h,24
Folder,windows\flutter\ephemeral\.plugin_symlinks\geolocator_windows\windows\include\geolocator_windows,24
File,windows\flutter\ephemeral\.plugin_symlinks\geolocator_windows\windows\CMakeLists.txt,108
File,windows\flutter\ephemeral\.plugin_symlinks\geolocator_windows\windows\geolocator_enums.h,37
File,windows\flutter\ephemeral\.plugin_symlinks\geolocator_windows\windows\geolocator_plugin.cpp,311
File,windows\flutter\ephemeral\.plugin_symlinks\geolocator_windows\windows\geolocator_plugin.h,75
File,windows\flutter\ephemeral\.plugin_symlinks\geolocator_windows\windows\geolocator_windows.cpp,13
Folder,windows\flutter\ephemeral\.plugin_symlinks\geolocator_windows\windows\include,24
File,windows\flutter\ephemeral\.plugin_symlinks\geolocator_windows\example\windows\runner\resources\app_icon.ico,90
File,windows\flutter\ephemeral\.plugin_symlinks\geolocator_windows\example\windows\runner\CMakeLists.txt,18
File,windows\flutter\ephemeral\.plugin_symlinks\geolocator_windows\example\windows\runner\flutter_window.cpp,62
File,windows\flutter\ephemeral\.plugin_symlinks\geolocator_windows\example\windows\runner\flutter_window.h,34
File,windows\flutter\ephemeral\.plugin_symlinks\geolocator_windows\example\windows\runner\main.cpp,44
File,windows\flutter\ephemeral\.plugin_symlinks\geolocator_windows\example\windows\runner\resource.h,17
Folder,windows\flutter\ephemeral\.plugin_symlinks\geolocator_windows\example\windows\runner\resources,90
File,windows\flutter\ephemeral\.plugin_symlinks\geolocator_windows\example\windows\runner\runner.exe.manifest,21
File,windows\flutter\ephemeral\.plugin_symlinks\geolocator_windows\example\windows\runner\Runner.rc,122
File,windows\flutter\ephemeral\.plugin_symlinks\geolocator_windows\example\windows\runner\utils.cpp,65
File,windows\flutter\ephemeral\.plugin_symlinks\geolocator_windows\example\windows\runner\utils.h,20
File,windows\flutter\ephemeral\.plugin_symlinks\geolocator_windows\example\windows\runner\win32_window.cpp,246
File,windows\flutter\ephemeral\.plugin_symlinks\geolocator_windows\example\windows\runner\win32_window.h,99
File,windows\flutter\ephemeral\.plugin_symlinks\geolocator_windows\example\windows\flutter\CMakeLists.txt,104
File,windows\flutter\ephemeral\.plugin_symlinks\geolocator_windows\example\windows\flutter\generated_plugins.cmake,26
File,windows\flutter\ephemeral\.plugin_symlinks\geolocator_windows\example\windows\flutter\generated_plugin_registrant.cc,18
File,windows\flutter\ephemeral\.plugin_symlinks\geolocator_windows\example\windows\flutter\generated_plugin_registrant.h,16
File,windows\flutter\ephemeral\.plugin_symlinks\geolocator_windows\example\windows\CMakeLists.txt,96
Folder,windows\flutter\ephemeral\.plugin_symlinks\geolocator_windows\example\windows\flutter,164
Folder,windows\flutter\ephemeral\.plugin_symlinks\geolocator_windows\example\windows\runner,838
File,windows\flutter\ephemeral\.plugin_symlinks\geolocator_windows\example\res\images\baseflow_logo_def_light-02.png,146
File,windows\flutter\ephemeral\.plugin_symlinks\geolocator_windows\example\res\images\poweredByBaseflowLogoLight.png,18
File,windows\flutter\ephemeral\.plugin_symlinks\geolocator_windows\example\res\images\poweredByBaseflowLogoLight@2x.png,45
File,windows\flutter\ephemeral\.plugin_symlinks\geolocator_windows\example\res\images\poweredByBaseflowLogoLight@3x.png,86
File,windows\flutter\ephemeral\.plugin_symlinks\geolocator_windows\example\res\images\poweredByBaseflowLogoLight_2020-06-23.zip,153
Folder,windows\flutter\ephemeral\.plugin_symlinks\geolocator_windows\example\res\images,448
File,windows\flutter\ephemeral\.plugin_symlinks\geolocator_windows\example\lib\main.dart,405
Folder,windows\flutter\ephemeral\.plugin_symlinks\geolocator_windows\example\lib,405
File,windows\flutter\ephemeral\.plugin_symlinks\geolocator_windows\example\pubspec.yaml,44
File,windows\flutter\ephemeral\.plugin_symlinks\geolocator_windows\example\README.md,17
Folder,windows\flutter\ephemeral\.plugin_symlinks\geolocator_windows\example\res,448
Folder,windows\flutter\ephemeral\.plugin_symlinks\geolocator_windows\example\windows,1098
File,windows\flutter\ephemeral\.plugin_symlinks\geolocator_windows\analysis_options.yaml,10
File,windows\flutter\ephemeral\.plugin_symlinks\geolocator_windows\AUTHORS,7
File,windows\flutter\ephemeral\.plugin_symlinks\geolocator_windows\CHANGELOG.md,32
Folder,windows\flutter\ephemeral\.plugin_symlinks\geolocator_windows\example,2012
File,windows\flutter\ephemeral\.plugin_symlinks\geolocator_windows\LICENSE,21
File,windows\flutter\ephemeral\.plugin_symlinks\geolocator_windows\pubspec.yaml,29
File,windows\flutter\ephemeral\.plugin_symlinks\geolocator_windows\README.md,23
Folder,windows\flutter\ephemeral\.plugin_symlinks\geolocator_windows\windows,568
File,windows\flutter\ephemeral\.plugin_symlinks\flutter_secure_storage_windows\windows\include\flutter_secure_storage_windows\flutter_secure_storage_windows_plugin.h,24
Folder,windows\flutter\ephemeral\.plugin_symlinks\flutter_secure_storage_windows\windows\include\flutter_secure_storage_windows,24
File,windows\flutter\ephemeral\.plugin_symlinks\flutter_secure_storage_windows\windows\CMakeLists.txt,29
File,windows\flutter\ephemeral\.plugin_symlinks\flutter_secure_storage_windows\windows\flutter_secure_storage_windows_plugin.cpp,888
Folder,windows\flutter\ephemeral\.plugin_symlinks\flutter_secure_storage_windows\windows\include,24
File,windows\flutter\ephemeral\.plugin_symlinks\flutter_secure_storage_windows\test\unit_test.dart,1158
File,windows\flutter\ephemeral\.plugin_symlinks\flutter_secure_storage_windows\lib\src\flutter_secure_storage_windows_ffi.dart,398
File,windows\flutter\ephemeral\.plugin_symlinks\flutter_secure_storage_windows\lib\src\flutter_secure_storage_windows_stub.dart,45
File,windows\flutter\ephemeral\.plugin_symlinks\flutter_secure_storage_windows\lib\flutter_secure_storage_windows.dart,4
Folder,windows\flutter\ephemeral\.plugin_symlinks\flutter_secure_storage_windows\lib\src,443
File,windows\flutter\ephemeral\.plugin_symlinks\flutter_secure_storage_windows\example\windows\runner\resources\app_icon.ico,90
File,windows\flutter\ephemeral\.plugin_symlinks\flutter_secure_storage_windows\example\windows\runner\CMakeLists.txt,41
File,windows\flutter\ephemeral\.plugin_symlinks\flutter_secure_storage_windows\example\windows\runner\flutter_window.cpp,67
File,windows\flutter\ephemeral\.plugin_symlinks\flutter_secure_storage_windows\example\windows\runner\flutter_window.h,34
File,windows\flutter\ephemeral\.plugin_symlinks\flutter_secure_storage_windows\example\windows\runner\main.cpp,44
File,windows\flutter\ephemeral\.plugin_symlinks\flutter_secure_storage_windows\example\windows\runner\resource.h,17
Folder,windows\flutter\ephemeral\.plugin_symlinks\flutter_secure_storage_windows\example\windows\runner\resources,90
File,windows\flutter\ephemeral\.plugin_symlinks\flutter_secure_storage_windows\example\windows\runner\runner.exe.manifest,21
File,windows\flutter\ephemeral\.plugin_symlinks\flutter_secure_storage_windows\example\windows\runner\Runner.rc,122
File,windows\flutter\ephemeral\.plugin_symlinks\flutter_secure_storage_windows\example\windows\runner\utils.cpp,65
File,windows\flutter\ephemeral\.plugin_symlinks\flutter_secure_storage_windows\example\windows\runner\utils.h,20
File,windows\flutter\ephemeral\.plugin_symlinks\flutter_secure_storage_windows\example\windows\runner\win32_window.cpp,289
File,windows\flutter\ephemeral\.plugin_symlinks\flutter_secure_storage_windows\example\windows\runner\win32_window.h,103
File,windows\flutter\ephemeral\.plugin_symlinks\flutter_secure_storage_windows\example\windows\flutter\CMakeLists.txt,105
File,windows\flutter\ephemeral\.plugin_symlinks\flutter_secure_storage_windows\example\windows\flutter\generated_plugins.cmake,25
File,windows\flutter\ephemeral\.plugin_symlinks\flutter_secure_storage_windows\example\windows\flutter\generated_plugin_registrant.cc,15
File,windows\flutter\ephemeral\.plugin_symlinks\flutter_secure_storage_windows\example\windows\flutter\generated_plugin_registrant.h,16
File,windows\flutter\ephemeral\.plugin_symlinks\flutter_secure_storage_windows\example\windows\CMakeLists.txt,102
Folder,windows\flutter\ephemeral\.plugin_symlinks\flutter_secure_storage_windows\example\windows\flutter,161
Folder,windows\flutter\ephemeral\.plugin_symlinks\flutter_secure_storage_windows\example\windows\runner,913
File,windows\flutter\ephemeral\.plugin_symlinks\flutter_secure_storage_windows\example\lib\main.dart,384
File,windows\flutter\ephemeral\.plugin_symlinks\flutter_secure_storage_windows\example\integration_test\app_test.dart,1118
File,windows\flutter\ephemeral\.plugin_symlinks\flutter_secure_storage_windows\example\analysis_options.yaml,30
Folder,windows\flutter\ephemeral\.plugin_symlinks\flutter_secure_storage_windows\example\integration_test,1118
Folder,windows\flutter\ephemeral\.plugin_symlinks\flutter_secure_storage_windows\example\lib,384
File,windows\flutter\ephemeral\.plugin_symlinks\flutter_secure_storage_windows\example\pubspec.yaml,31
File,windows\flutter\ephemeral\.plugin_symlinks\flutter_secure_storage_windows\example\README.md,17
Folder,windows\flutter\ephemeral\.plugin_symlinks\flutter_secure_storage_windows\example\windows,1176
File,windows\flutter\ephemeral\.plugin_symlinks\flutter_secure_storage_windows\analysis_options.yaml,1
File,windows\flutter\ephemeral\.plugin_symlinks\flutter_secure_storage_windows\CHANGELOG.md,35
Folder,windows\flutter\ephemeral\.plugin_symlinks\flutter_secure_storage_windows\example,2756
Folder,windows\flutter\ephemeral\.plugin_symlinks\flutter_secure_storage_windows\lib,447
File,windows\flutter\ephemeral\.plugin_symlinks\flutter_secure_storage_windows\LICENSE,29
File,windows\flutter\ephemeral\.plugin_symlinks\flutter_secure_storage_windows\pubspec.yaml,31
File,windows\flutter\ephemeral\.plugin_symlinks\flutter_secure_storage_windows\README.md,13
Folder,windows\flutter\ephemeral\.plugin_symlinks\flutter_secure_storage_windows\test,1158
Folder,windows\flutter\ephemeral\.plugin_symlinks\flutter_secure_storage_windows\windows,941
File,windows\flutter\ephemeral\.plugin_symlinks\file_selector_windows\windows\test\file_selector_plugin_test.cpp,545
File,windows\flutter\ephemeral\.plugin_symlinks\file_selector_windows\windows\test\test_file_dialog_controller.cpp,129
File,windows\flutter\ephemeral\.plugin_symlinks\file_selector_windows\windows\test\test_file_dialog_controller.h,112
File,windows\flutter\ephemeral\.plugin_symlinks\file_selector_windows\windows\test\test_main.cpp,17
File,windows\flutter\ephemeral\.plugin_symlinks\file_selector_windows\windows\test\test_utils.cpp,46
File,windows\flutter\ephemeral\.plugin_symlinks\file_selector_windows\windows\test\test_utils.h,92
File,windows\flutter\ephemeral\.plugin_symlinks\file_selector_windows\windows\include\file_selector_windows\file_selector_windows.h,27
Folder,windows\flutter\ephemeral\.plugin_symlinks\file_selector_windows\windows\include\file_selector_windows,27
File,windows\flutter\ephemeral\.plugin_symlinks\file_selector_windows\windows\CMakeLists.txt,89
File,windows\flutter\ephemeral\.plugin_symlinks\file_selector_windows\windows\file_dialog_controller.cpp,71
File,windows\flutter\ephemeral\.plugin_symlinks\file_selector_windows\windows\file_dialog_controller.h,64
File,windows\flutter\ephemeral\.plugin_symlinks\file_selector_windows\windows\file_selector_plugin.cpp,308
File,windows\flutter\ephemeral\.plugin_symlinks\file_selector_windows\windows\file_selector_plugin.h,54
File,windows\flutter\ephemeral\.plugin_symlinks\file_selector_windows\windows\file_selector_windows.cpp,16
Folder,windows\flutter\ephemeral\.plugin_symlinks\file_selector_windows\windows\include,27
File,windows\flutter\ephemeral\.plugin_symlinks\file_selector_windows\windows\messages.g.cpp,311
File,windows\flutter\ephemeral\.plugin_symlinks\file_selector_windows\windows\messages.g.h,189
File,windows\flutter\ephemeral\.plugin_symlinks\file_selector_windows\windows\string_utils.cpp,61
File,windows\flutter\ephemeral\.plugin_symlinks\file_selector_windows\windows\string_utils.h,22
Folder,windows\flutter\ephemeral\.plugin_symlinks\file_selector_windows\windows\test,941
File,windows\flutter\ephemeral\.plugin_symlinks\file_selector_windows\test\file_selector_windows_test.dart,467
File,windows\flutter\ephemeral\.plugin_symlinks\file_selector_windows\test\file_selector_windows_test.mocks.dart,102
File,windows\flutter\ephemeral\.plugin_symlinks\file_selector_windows\test\test_api.g.dart,118
File,windows\flutter\ephemeral\.plugin_symlinks\file_selector_windows\pigeons\copyright.txt,4
File,windows\flutter\ephemeral\.plugin_symlinks\file_selector_windows\pigeons\messages.dart,73
File,windows\flutter\ephemeral\.plugin_symlinks\file_selector_windows\lib\src\messages.g.dart,212
File,windows\flutter\ephemeral\.plugin_symlinks\file_selector_windows\lib\file_selector_windows.dart,136
Folder,windows\flutter\ephemeral\.plugin_symlinks\file_selector_windows\lib\src,212
File,windows\flutter\ephemeral\.plugin_symlinks\file_selector_windows\example\windows\runner\resources\app_icon.ico,90
File,windows\flutter\ephemeral\.plugin_symlinks\file_selector_windows\example\windows\runner\CMakeLists.txt,18
File,windows\flutter\ephemeral\.plugin_symlinks\file_selector_windows\example\windows\runner\flutter_window.cpp,65
File,windows\flutter\ephemeral\.plugin_symlinks\file_selector_windows\example\windows\runner\flutter_window.h,37
File,windows\flutter\ephemeral\.plugin_symlinks\file_selector_windows\example\windows\runner\main.cpp,46
File,windows\flutter\ephemeral\.plugin_symlinks\file_selector_windows\example\windows\runner\resource.h,17
Folder,windows\flutter\ephemeral\.plugin_symlinks\file_selector_windows\example\windows\runner\resources,90
File,windows\flutter\ephemeral\.plugin_symlinks\file_selector_windows\example\windows\runner\runner.exe.manifest,21
File,windows\flutter\ephemeral\.plugin_symlinks\file_selector_windows\example\windows\runner\Runner.rc,122
File,windows\flutter\ephemeral\.plugin_symlinks\file_selector_windows\example\windows\runner\utils.cpp,67
File,windows\flutter\ephemeral\.plugin_symlinks\file_selector_windows\example\windows\runner\utils.h,23
File,windows\flutter\ephemeral\.plugin_symlinks\file_selector_windows\example\windows\runner\win32_window.cpp,241
File,windows\flutter\ephemeral\.plugin_symlinks\file_selector_windows\example\windows\runner\win32_window.h,99
File,windows\flutter\ephemeral\.plugin_symlinks\file_selector_windows\example\windows\flutter\CMakeLists.txt,104
File,windows\flutter\ephemeral\.plugin_symlinks\file_selector_windows\example\windows\flutter\generated_plugins.cmake,25
File,windows\flutter\ephemeral\.plugin_symlinks\file_selector_windows\example\windows\CMakeLists.txt,101
Folder,windows\flutter\ephemeral\.plugin_symlinks\file_selector_windows\example\windows\flutter,129
Folder,windows\flutter\ephemeral\.plugin_symlinks\file_selector_windows\example\windows\runner,846
File,windows\flutter\ephemeral\.plugin_symlinks\file_selector_windows\example\lib\get_directory_page.dart,83
File,windows\flutter\ephemeral\.plugin_symlinks\file_selector_windows\example\lib\get_multiple_directories_page.dart,87
File,windows\flutter\ephemeral\.plugin_symlinks\file_selector_windows\example\lib\home_page.dart,68
File,windows\flutter\ephemeral\.plugin_symlinks\file_selector_windows\example\lib\main.dart,46
File,windows\flutter\ephemeral\.plugin_symlinks\file_selector_windows\example\lib\open_image_page.dart,93
File,windows\flutter\ephemeral\.plugin_symlinks\file_selector_windows\example\lib\open_multiple_images_page.dart,105
File,windows\flutter\ephemeral\.plugin_symlinks\file_selector_windows\example\lib\open_text_page.dart,90
File,windows\flutter\ephemeral\.plugin_symlinks\file_selector_windows\example\lib\save_text_page.dart,103
Folder,windows\flutter\ephemeral\.plugin_symlinks\file_selector_windows\example\lib,675
File,windows\flutter\ephemeral\.plugin_symlinks\file_selector_windows\example\pubspec.yaml,28
File,windows\flutter\ephemeral\.plugin_symlinks\file_selector_windows\example\README.md,10
Folder,windows\flutter\ephemeral\.plugin_symlinks\file_selector_windows\example\windows,1076
File,windows\flutter\ephemeral\.plugin_symlinks\file_selector_windows\AUTHORS,7
File,windows\flutter\ephemeral\.plugin_symlinks\file_selector_windows\CHANGELOG.md,90
Folder,windows\flutter\ephemeral\.plugin_symlinks\file_selector_windows\example,1789
Folder,windows\flutter\ephemeral\.plugin_symlinks\file_selector_windows\lib,348
File,windows\flutter\ephemeral\.plugin_symlinks\file_selector_windows\LICENSE,26
Folder,windows\flutter\ephemeral\.plugin_symlinks\file_selector_windows\pigeons,77
File,windows\flutter\ephemeral\.plugin_symlinks\file_selector_windows\pubspec.yaml,36
File,windows\flutter\ephemeral\.plugin_symlinks\file_selector_windows\README.md,16
Folder,windows\flutter\ephemeral\.plugin_symlinks\file_selector_windows\test,687
Folder,windows\flutter\ephemeral\.plugin_symlinks\file_selector_windows\windows,2153
Folder,windows\flutter\ephemeral\.plugin_symlinks\file_selector_windows,5229
Folder,windows\flutter\ephemeral\.plugin_symlinks\flutter_secure_storage_windows,5411
Folder,windows\flutter\ephemeral\.plugin_symlinks\geolocator_windows,2702
Folder,windows\flutter\ephemeral\.plugin_symlinks\image_picker_windows,2298
Folder,windows\flutter\ephemeral\.plugin_symlinks\path_provider_windows,2369
Folder,windows\flutter\ephemeral\.plugin_symlinks\shared_preferences_windows,2410
Folder,windows\flutter\ephemeral\.plugin_symlinks\url_launcher_windows,2556
Folder,windows\flutter\ephemeral\.plugin_symlinks,22975
File,windows\flutter\ephemeral\generated_config.cmake,25
File,windows\flutter\CMakeLists.txt,110
Folder,windows\flutter\ephemeral,23000
File,windows\flutter\generated_plugins.cmake,28
File,windows\flutter\generated_plugin_registrant.cc,24
File,windows\flutter\generated_plugin_registrant.h,16
File,windows\.gitignore,18
File,windows\CMakeLists.txt,103
Folder,windows\flutter,23178
Folder,windows\runner,919
File,web\icons\Icon-192.png,20
File,web\icons\Icon-512.png,17
File,web\icons\Icon-maskable-192.png,27
File,web\icons\Icon-maskable-512.png,33
File,web\favicon.png,14
Folder,web\icons,97
File,web\index.html,60
File,web\manifest.json,36
File,test\widget_test.dart,31
File,macos\RunnerTests\RunnerTests.swift,13
File,macos\Runner.xcworkspace\xcshareddata\IDEWorkspaceChecks.plist,9
File,macos\Runner.xcworkspace\contents.xcworkspacedata,8
Folder,macos\Runner.xcworkspace\xcshareddata,9
File,macos\Runner.xcodeproj\xcshareddata\xcschemes\Runner.xcscheme,99
Folder,macos\Runner.xcodeproj\xcshareddata\xcschemes,99
File,macos\Runner.xcodeproj\project.xcworkspace\xcshareddata\IDEWorkspaceChecks.plist,9
Folder,macos\Runner.xcodeproj\project.xcworkspace\xcshareddata,9
File,macos\Runner.xcodeproj\project.pbxproj,696
Folder,macos\Runner.xcodeproj\project.xcworkspace,9
Folder,macos\Runner.xcodeproj\xcshareddata,99
File,macos\Runner\Configs\AppInfo.xcconfig,15
File,macos\Runner\Configs\Debug.xcconfig,3
File,macos\Runner\Configs\Release.xcconfig,3
File,macos\Runner\Configs\Warnings.xcconfig,14
File,macos\Runner\Base.lproj\MainMenu.xib,344
File,macos\Runner\Assets.xcassets\AppIcon.appiconset\app_icon_1024.png,279
File,macos\Runner\Assets.xcassets\AppIcon.appiconset\app_icon_128.png,24
File,macos\Runner\Assets.xcassets\AppIcon.appiconset\app_icon_16.png,5
File,macos\Runner\Assets.xcassets\AppIcon.appiconset\app_icon_256.png,51
File,macos\Runner\Assets.xcassets\AppIcon.appiconset\app_icon_32.png,6
File,macos\Runner\Assets.xcassets\AppIcon.appiconset\app_icon_512.png,108
File,macos\Runner\Assets.xcassets\AppIcon.appiconset\app_icon_64.png,9
File,macos\Runner\Assets.xcassets\AppIcon.appiconset\Contents.json,69
Folder,macos\Runner\Assets.xcassets\AppIcon.appiconset,551
File,macos\Runner\AppDelegate.swift,10
Folder,macos\Runner\Assets.xcassets,551
Folder,macos\Runner\Base.lproj,344
Folder,macos\Runner\Configs,35
File,macos\Runner\DebugProfile.entitlements,13
File,macos\Runner\Info.plist,33
File,macos\Runner\MainFlutterWindow.swift,16
File,macos\Runner\Release.entitlements,9
File,macos\Flutter\ephemeral\Flutter-Generated.xcconfig,12
File,macos\Flutter\ephemeral\flutter_export_environment.sh,13
Folder,macos\Flutter\ephemeral,25
File,macos\Flutter\Flutter-Debug.xcconfig,2
File,macos\Flutter\Flutter-Release.xcconfig,2
File,macos\Flutter\GeneratedPluginRegistrant.swift,25
File,macos\.gitignore,8
Folder,macos\Flutter,54
Folder,macos\Runner,1011
Folder,macos\Runner.xcodeproj,804
Folder,macos\Runner.xcworkspace,17
Folder,macos\RunnerTests,13
File,linux\flutter\ephemeral\.plugin_symlinks\url_launcher_linux\test\url_launcher_linux_test.dart,194
File,linux\flutter\ephemeral\.plugin_symlinks\url_launcher_linux\linux\test\url_launcher_linux_test.cc,83
File,linux\flutter\ephemeral\.plugin_symlinks\url_launcher_linux\linux\include\url_launcher_linux\url_launcher_plugin.h,32
Folder,linux\flutter\ephemeral\.plugin_symlinks\url_launcher_linux\linux\include\url_launcher_linux,32
File,linux\flutter\ephemeral\.plugin_symlinks\url_launcher_linux\linux\CMakeLists.txt,65
Folder,linux\flutter\ephemeral\.plugin_symlinks\url_launcher_linux\linux\include,32
Folder,linux\flutter\ephemeral\.plugin_symlinks\url_launcher_linux\linux\test,83
File,linux\flutter\ephemeral\.plugin_symlinks\url_launcher_linux\linux\url_launcher_plugin.cc,167
File,linux\flutter\ephemeral\.plugin_symlinks\url_launcher_linux\linux\url_launcher_plugin_private.h,15
File,linux\flutter\ephemeral\.plugin_symlinks\url_launcher_linux\lib\url_launcher_linux.dart,67
File,linux\flutter\ephemeral\.plugin_symlinks\url_launcher_linux\example\test_driver\integration_test.dart,8
File,linux\flutter\ephemeral\.plugin_symlinks\url_launcher_linux\example\linux\flutter\CMakeLists.txt,88
File,linux\flutter\ephemeral\.plugin_symlinks\url_launcher_linux\example\linux\flutter\generated_plugins.cmake,25
File,linux\flutter\ephemeral\.plugin_symlinks\url_launcher_linux\example\linux\CMakeLists.txt,101
Folder,linux\flutter\ephemeral\.plugin_symlinks\url_launcher_linux\example\linux\flutter,113
File,linux\flutter\ephemeral\.plugin_symlinks\url_launcher_linux\example\linux\main.cc,11
File,linux\flutter\ephemeral\.plugin_symlinks\url_launcher_linux\example\linux\my_application.cc,49
File,linux\flutter\ephemeral\.plugin_symlinks\url_launcher_linux\example\linux\my_application.h,23
File,linux\flutter\ephemeral\.plugin_symlinks\url_launcher_linux\example\lib\main.dart,96
File,linux\flutter\ephemeral\.plugin_symlinks\url_launcher_linux\example\integration_test\url_launcher_test.dart,21
Folder,linux\flutter\ephemeral\.plugin_symlinks\url_launcher_linux\example\integration_test,21
Folder,linux\flutter\ephemeral\.plugin_symlinks\url_launcher_linux\example\lib,96
Folder,linux\flutter\ephemeral\.plugin_symlinks\url_launcher_linux\example\linux,297
File,linux\flutter\ephemeral\.plugin_symlinks\url_launcher_linux\example\pubspec.yaml,29
File,linux\flutter\ephemeral\.plugin_symlinks\url_launcher_linux\example\README.md,10
Folder,linux\flutter\ephemeral\.plugin_symlinks\url_launcher_linux\example\test_driver,8
File,linux\flutter\ephemeral\.plugin_symlinks\url_launcher_linux\AUTHORS,67
File,linux\flutter\ephemeral\.plugin_symlinks\url_launcher_linux\CHANGELOG.md,91
Folder,linux\flutter\ephemeral\.plugin_symlinks\url_launcher_linux\example,461
Folder,linux\flutter\ephemeral\.plugin_symlinks\url_launcher_linux\lib,67
File,linux\flutter\ephemeral\.plugin_symlinks\url_launcher_linux\LICENSE,26
Folder,linux\flutter\ephemeral\.plugin_symlinks\url_launcher_linux\linux,362
File,linux\flutter\ephemeral\.plugin_symlinks\url_launcher_linux\pubspec.yaml,34
File,linux\flutter\ephemeral\.plugin_symlinks\url_launcher_linux\README.md,16
Folder,linux\flutter\ephemeral\.plugin_symlinks\url_launcher_linux\test,194
File,linux\flutter\ephemeral\.plugin_symlinks\shared_preferences_linux\test\shared_preferences_linux_test.dart,280
File,linux\flutter\ephemeral\.plugin_symlinks\shared_preferences_linux\lib\shared_preferences_linux.dart,161
File,linux\flutter\ephemeral\.plugin_symlinks\shared_preferences_linux\example\test_driver\integration_test.dart,8
File,linux\flutter\ephemeral\.plugin_symlinks\shared_preferences_linux\example\linux\flutter\CMakeLists.txt,87
File,linux\flutter\ephemeral\.plugin_symlinks\shared_preferences_linux\example\linux\flutter\generated_plugins.cmake,24
File,linux\flutter\ephemeral\.plugin_symlinks\shared_preferences_linux\example\linux\CMakeLists.txt,96
Folder,linux\flutter\ephemeral\.plugin_symlinks\shared_preferences_linux\example\linux\flutter,111
File,linux\flutter\ephemeral\.plugin_symlinks\shared_preferences_linux\example\linux\main.cc,11
File,linux\flutter\ephemeral\.plugin_symlinks\shared_preferences_linux\example\linux\my_application.cc,49
File,linux\flutter\ephemeral\.plugin_symlinks\shared_preferences_linux\example\linux\my_application.h,23
File,linux\flutter\ephemeral\.plugin_symlinks\shared_preferences_linux\example\lib\main.dart,92
File,linux\flutter\ephemeral\.plugin_symlinks\shared_preferences_linux\example\integration_test\shared_preferences_test.dart,340
Folder,linux\flutter\ephemeral\.plugin_symlinks\shared_preferences_linux\example\integration_test,340
Folder,linux\flutter\ephemeral\.plugin_symlinks\shared_preferences_linux\example\lib,92
Folder,linux\flutter\ephemeral\.plugin_symlinks\shared_preferences_linux\example\linux,290
File,linux\flutter\ephemeral\.plugin_symlinks\shared_preferences_linux\example\pubspec.yaml,29
File,linux\flutter\ephemeral\.plugin_symlinks\shared_preferences_linux\example\README.md,10
Folder,linux\flutter\ephemeral\.plugin_symlinks\shared_preferences_linux\example\test_driver,8
File,linux\flutter\ephemeral\.plugin_symlinks\shared_preferences_linux\AUTHORS,67
File,linux\flutter\ephemeral\.plugin_symlinks\shared_preferences_linux\CHANGELOG.md,100
Folder,linux\flutter\ephemeral\.plugin_symlinks\shared_preferences_linux\example,769
Folder,linux\flutter\ephemeral\.plugin_symlinks\shared_preferences_linux\lib,161
File,linux\flutter\ephemeral\.plugin_symlinks\shared_preferences_linux\LICENSE,26
File,linux\flutter\ephemeral\.plugin_symlinks\shared_preferences_linux\pubspec.yaml,35
File,linux\flutter\ephemeral\.plugin_symlinks\shared_preferences_linux\README.md,16
Folder,linux\flutter\ephemeral\.plugin_symlinks\shared_preferences_linux\test,280
File,linux\flutter\ephemeral\.plugin_symlinks\path_provider_linux\test\get_application_id_test.dart,63
File,linux\flutter\ephemeral\.plugin_symlinks\path_provider_linux\test\path_provider_linux_test.dart,72
File,linux\flutter\ephemeral\.plugin_symlinks\path_provider_linux\lib\src\get_application_id.dart,10
File,linux\flutter\ephemeral\.plugin_symlinks\path_provider_linux\lib\src\get_application_id_real.dart,79
File,linux\flutter\ephemeral\.plugin_symlinks\path_provider_linux\lib\src\get_application_id_stub.dart,7
File,linux\flutter\ephemeral\.plugin_symlinks\path_provider_linux\lib\src\path_provider_linux.dart,103
File,linux\flutter\ephemeral\.plugin_symlinks\path_provider_linux\lib\path_provider_linux.dart,6
Folder,linux\flutter\ephemeral\.plugin_symlinks\path_provider_linux\lib\src,199
File,linux\flutter\ephemeral\.plugin_symlinks\path_provider_linux\example\test_driver\integration_test.dart,8
File,linux\flutter\ephemeral\.plugin_symlinks\path_provider_linux\example\linux\flutter\CMakeLists.txt,87
File,linux\flutter\ephemeral\.plugin_symlinks\path_provider_linux\example\linux\flutter\generated_plugins.cmake,24
File,linux\flutter\ephemeral\.plugin_symlinks\path_provider_linux\example\linux\CMakeLists.txt,107
Folder,linux\flutter\ephemeral\.plugin_symlinks\path_provider_linux\example\linux\flutter,111
File,linux\flutter\ephemeral\.plugin_symlinks\path_provider_linux\example\linux\main.cc,16
File,linux\flutter\ephemeral\.plugin_symlinks\path_provider_linux\example\linux\my_application.cc,50
File,linux\flutter\ephemeral\.plugin_symlinks\path_provider_linux\example\linux\my_application.h,23
File,linux\flutter\ephemeral\.plugin_symlinks\path_provider_linux\example\lib\main.dart,110
File,linux\flutter\ephemeral\.plugin_symlinks\path_provider_linux\example\integration_test\path_provider_test.dart,67
Folder,linux\flutter\ephemeral\.plugin_symlinks\path_provider_linux\example\integration_test,67
Folder,linux\flutter\ephemeral\.plugin_symlinks\path_provider_linux\example\lib,110
Folder,linux\flutter\ephemeral\.plugin_symlinks\path_provider_linux\example\linux,307
File,linux\flutter\ephemeral\.plugin_symlinks\path_provider_linux\example\pubspec.yaml,29
File,linux\flutter\ephemeral\.plugin_symlinks\path_provider_linux\example\README.md,10
Folder,linux\flutter\ephemeral\.plugin_symlinks\path_provider_linux\example\test_driver,8
File,linux\flutter\ephemeral\.plugin_symlinks\path_provider_linux\AUTHORS,67
File,linux\flutter\ephemeral\.plugin_symlinks\path_provider_linux\CHANGELOG.md,110
Folder,linux\flutter\ephemeral\.plugin_symlinks\path_provider_linux\example,531
Folder,linux\flutter\ephemeral\.plugin_symlinks\path_provider_linux\lib,205
File,linux\flutter\ephemeral\.plugin_symlinks\path_provider_linux\LICENSE,26
File,linux\flutter\ephemeral\.plugin_symlinks\path_provider_linux\pubspec.yaml,34
File,linux\flutter\ephemeral\.plugin_symlinks\path_provider_linux\README.md,16
Folder,linux\flutter\ephemeral\.plugin_symlinks\path_provider_linux\test,135
File,linux\flutter\ephemeral\.plugin_symlinks\image_picker_linux\test\image_picker_linux_test.dart,181
File,linux\flutter\ephemeral\.plugin_symlinks\image_picker_linux\test\image_picker_linux_test.mocks.dart,121
File,linux\flutter\ephemeral\.plugin_symlinks\image_picker_linux\lib\image_picker_linux.dart,181
File,linux\flutter\ephemeral\.plugin_symlinks\image_picker_linux\example\linux\flutter\CMakeLists.txt,89
File,linux\flutter\ephemeral\.plugin_symlinks\image_picker_linux\example\linux\flutter\generated_plugins.cmake,25
File,linux\flutter\ephemeral\.plugin_symlinks\image_picker_linux\example\linux\CMakeLists.txt,139
Folder,linux\flutter\ephemeral\.plugin_symlinks\image_picker_linux\example\linux\flutter,114
File,linux\flutter\ephemeral\.plugin_symlinks\image_picker_linux\example\linux\main.cc,11
File,linux\flutter\ephemeral\.plugin_symlinks\image_picker_linux\example\linux\my_application.cc,112
File,linux\flutter\ephemeral\.plugin_symlinks\image_picker_linux\example\linux\my_application.h,23
File,linux\flutter\ephemeral\.plugin_symlinks\image_picker_linux\example\lib\main.dart,517
Folder,linux\flutter\ephemeral\.plugin_symlinks\image_picker_linux\example\lib,517
Folder,linux\flutter\ephemeral\.plugin_symlinks\image_picker_linux\example\linux,399
File,linux\flutter\ephemeral\.plugin_symlinks\image_picker_linux\example\pubspec.yaml,30
File,linux\flutter\ephemeral\.plugin_symlinks\image_picker_linux\example\README.md,10
File,linux\flutter\ephemeral\.plugin_symlinks\image_picker_linux\AUTHORS,8
File,linux\flutter\ephemeral\.plugin_symlinks\image_picker_linux\CHANGELOG.md,13
Folder,linux\flutter\ephemeral\.plugin_symlinks\image_picker_linux\example,956
Folder,linux\flutter\ephemeral\.plugin_symlinks\image_picker_linux\lib,181
File,linux\flutter\ephemeral\.plugin_symlinks\image_picker_linux\LICENSE,26
File,linux\flutter\ephemeral\.plugin_symlinks\image_picker_linux\pubspec.yaml,35
File,linux\flutter\ephemeral\.plugin_symlinks\image_picker_linux\README.md,28
Folder,linux\flutter\ephemeral\.plugin_symlinks\image_picker_linux\test,302
File,linux\flutter\ephemeral\.plugin_symlinks\flutter_secure_storage_linux\linux\include\flutter_secure_storage_linux\flutter_secure_storage_linux_plugin.h,28
File,linux\flutter\ephemeral\.plugin_symlinks\flutter_secure_storage_linux\linux\include\FHashTable.hpp,34
Folder,linux\flutter\ephemeral\.plugin_symlinks\flutter_secure_storage_linux\linux\include\flutter_secure_storage_linux,28
File,linux\flutter\ephemeral\.plugin_symlinks\flutter_secure_storage_linux\linux\include\json.hpp,24675
File,linux\flutter\ephemeral\.plugin_symlinks\flutter_secure_storage_linux\linux\include\Secret.hpp,85
File,linux\flutter\ephemeral\.plugin_symlinks\flutter_secure_storage_linux\linux\CMakeLists.txt,33
File,linux\flutter\ephemeral\.plugin_symlinks\flutter_secure_storage_linux\linux\flutter_secure_storage_linux_plugin.cc,199
Folder,linux\flutter\ephemeral\.plugin_symlinks\flutter_secure_storage_linux\linux\include,24822
File,linux\flutter\ephemeral\.plugin_symlinks\flutter_secure_storage_linux\CHANGELOG.md,19
File,linux\flutter\ephemeral\.plugin_symlinks\flutter_secure_storage_linux\LICENSE,29
Folder,linux\flutter\ephemeral\.plugin_symlinks\flutter_secure_storage_linux\linux,25054
File,linux\flutter\ephemeral\.plugin_symlinks\flutter_secure_storage_linux\pubspec.yaml,21
File,linux\flutter\ephemeral\.plugin_symlinks\flutter_secure_storage_linux\README.md,12
File,linux\flutter\ephemeral\.plugin_symlinks\file_selector_linux\test\file_selector_linux_test.dart,536
File,linux\flutter\ephemeral\.plugin_symlinks\file_selector_linux\linux\test\file_selector_plugin_test.cc,186
File,linux\flutter\ephemeral\.plugin_symlinks\file_selector_linux\linux\test\test_main.cc,16
File,linux\flutter\ephemeral\.plugin_symlinks\file_selector_linux\linux\include\file_selector_linux\file_selector_plugin.h,32
Folder,linux\flutter\ephemeral\.plugin_symlinks\file_selector_linux\linux\include\file_selector_linux,32
File,linux\flutter\ephemeral\.plugin_symlinks\file_selector_linux\linux\CMakeLists.txt,69
File,linux\flutter\ephemeral\.plugin_symlinks\file_selector_linux\linux\file_selector_plugin.cc,247
File,linux\flutter\ephemeral\.plugin_symlinks\file_selector_linux\linux\file_selector_plugin_private.h,13
Folder,linux\flutter\ephemeral\.plugin_symlinks\file_selector_linux\linux\include,32
Folder,linux\flutter\ephemeral\.plugin_symlinks\file_selector_linux\linux\test,202
File,linux\flutter\ephemeral\.plugin_symlinks\file_selector_linux\lib\file_selector_linux.dart,176
File,linux\flutter\ephemeral\.plugin_symlinks\file_selector_linux\example\linux\flutter\CMakeLists.txt,88
File,linux\flutter\ephemeral\.plugin_symlinks\file_selector_linux\example\linux\flutter\generated_plugins.cmake,25
File,linux\flutter\ephemeral\.plugin_symlinks\file_selector_linux\example\linux\CMakeLists.txt,112
Folder,linux\flutter\ephemeral\.plugin_symlinks\file_selector_linux\example\linux\flutter,113
File,linux\flutter\ephemeral\.plugin_symlinks\file_selector_linux\example\linux\main.cc,11
File,linux\flutter\ephemeral\.plugin_symlinks\file_selector_linux\example\linux\my_application.cc,111
File,linux\flutter\ephemeral\.plugin_symlinks\file_selector_linux\example\linux\my_application.h,23
File,linux\flutter\ephemeral\.plugin_symlinks\file_selector_linux\example\lib\get_directory_page.dart,83
File,linux\flutter\ephemeral\.plugin_symlinks\file_selector_linux\example\lib\get_multiple_directories_page.dart,85
File,linux\flutter\ephemeral\.plugin_symlinks\file_selector_linux\example\lib\home_page.dart,68
File,linux\flutter\ephemeral\.plugin_symlinks\file_selector_linux\example\lib\main.dart,46
File,linux\flutter\ephemeral\.plugin_symlinks\file_selector_linux\example\lib\open_image_page.dart,93
File,linux\flutter\ephemeral\.plugin_symlinks\file_selector_linux\example\lib\open_multiple_images_page.dart,105
File,linux\flutter\ephemeral\.plugin_symlinks\file_selector_linux\example\lib\open_text_page.dart,90
File,linux\flutter\ephemeral\.plugin_symlinks\file_selector_linux\example\lib\save_text_page.dart,83
Folder,linux\flutter\ephemeral\.plugin_symlinks\file_selector_linux\example\lib,653
Folder,linux\flutter\ephemeral\.plugin_symlinks\file_selector_linux\example\linux,370
File,linux\flutter\ephemeral\.plugin_symlinks\file_selector_linux\example\pubspec.yaml,23
File,linux\flutter\ephemeral\.plugin_symlinks\file_selector_linux\example\README.md,10
File,linux\flutter\ephemeral\.plugin_symlinks\file_selector_linux\AUTHORS,7
File,linux\flutter\ephemeral\.plugin_symlinks\file_selector_linux\CHANGELOG.md,55
Folder,linux\flutter\ephemeral\.plugin_symlinks\file_selector_linux\example,1056
Folder,linux\flutter\ephemeral\.plugin_symlinks\file_selector_linux\lib,176
File,linux\flutter\ephemeral\.plugin_symlinks\file_selector_linux\LICENSE,26
Folder,linux\flutter\ephemeral\.plugin_symlinks\file_selector_linux\linux,563
File,linux\flutter\ephemeral\.plugin_symlinks\file_selector_linux\pubspec.yaml,33
File,linux\flutter\ephemeral\.plugin_symlinks\file_selector_linux\README.md,16
Folder,linux\flutter\ephemeral\.plugin_symlinks\file_selector_linux\test,536
Folder,linux\flutter\ephemeral\.plugin_symlinks\file_selector_linux,2468
Folder,linux\flutter\ephemeral\.plugin_symlinks\flutter_secure_storage_linux,25135
Folder,linux\flutter\ephemeral\.plugin_symlinks\image_picker_linux,1549
Folder,linux\flutter\ephemeral\.plugin_symlinks\path_provider_linux,1124
Folder,linux\flutter\ephemeral\.plugin_symlinks\shared_preferences_linux,1454
Folder,linux\flutter\ephemeral\.plugin_symlinks\url_launcher_linux,1318
Folder,linux\flutter\ephemeral\.plugin_symlinks,33048
File,linux\flutter\CMakeLists.txt,89
Folder,linux\flutter\ephemeral,33048
File,linux\flutter\generated_plugins.cmake,27
File,linux\flutter\generated_plugin_registrant.cc,24
File,linux\flutter\generated_plugin_registrant.h,16
File,linux\.gitignore,2
File,linux\CMakeLists.txt,140
Folder,linux\flutter,33204
File,linux\main.cc,7
File,linux\my_application.cc,105
File,linux\my_application.h,19
File,lib\presentation\utils\app_assets.dart,37
File,lib\presentation\utils\app_colors.dart,86
File,lib\presentation\utils\app_constants.dart,5
File,lib\presentation\utils\app_dimens.dart,43
File,lib\presentation\utils\app_fonts.dart,7
File,lib\presentation\utils\app_strings.dart,39
File,lib\presentation\utils\app_themes.dart,169
File,lib\presentation\utils\app_utility.dart,21
File,lib\presentation\utils\styles.dart,250
File,lib\presentation\utils\theme_utility.dart,1
File,lib\presentation\utils\utils.dart,9
File,lib\presentation\utils\validators.dart,20
File,lib\presentation\pages\splash\viewmodel\splashviewmodel.dart,14
File,lib\presentation\pages\splash\view\loadingwidget.dart,1
File,lib\presentation\pages\splash\view\splashscreen.dart,131
Folder,lib\presentation\pages\splash\view,132
Folder,lib\presentation\pages\splash\viewmodel,14
File,lib\presentation\pages\shareridemodule\viewmodel\ride_info_view_model.dart,50
File,lib\presentation\pages\shareridemodule\viewmodel\ride_share_viewmodel.dart,344
File,lib\presentation\pages\shareridemodule\view\widgets\autocomplete_field.dart,51
File,lib\presentation\pages\shareridemodule\view\widgets\custom_icon.dart,25
File,lib\presentation\pages\shareridemodule\view\widgets\drop_down_button.dart,50
File,lib\presentation\pages\shareridemodule\view\widgets\form_widget.dart,76
File,lib\presentation\pages\shareridemodule\view\widgets\ridec_card.dart,195
File,lib\presentation\pages\shareridemodule\view\screens\confirm_location_screen.dart,87
File,lib\presentation\pages\shareridemodule\view\screens\date_select_screen.dart,97
File,lib\presentation\pages\shareridemodule\view\screens\loacation_scree.dart,174
File,lib\presentation\pages\shareridemodule\view\screens\map_screen.dart,54
File,lib\presentation\pages\shareridemodule\view\screens\no_rides_screen.dart,60
File,lib\presentation\pages\shareridemodule\view\screens\rid_from_screen.dart,139
File,lib\presentation\pages\shareridemodule\view\screens\share_ride_screen.dart,91
File,lib\presentation\pages\shareridemodule\view\screens\time_select_screen.dart,151
Folder,lib\presentation\pages\shareridemodule\view\screens,853
Folder,lib\presentation\pages\shareridemodule\view\widgets,397
Folder,lib\presentation\pages\shareridemodule\view,1250
Folder,lib\presentation\pages\shareridemodule\viewmodel,394
File,lib\presentation\pages\search_ride-screen.dart\viewmodel\ride_details_viewmodel.dart,43
File,lib\presentation\pages\search_ride-screen.dart\viewmodel\searchride_viewmodel.dart,349
File,lib\presentation\pages\search_ride-screen.dart\view\widget\contact_icon.dart,25
File,lib\presentation\pages\search_ride-screen.dart\view\widget\custom_calend.dart,83
File,lib\presentation\pages\search_ride-screen.dart\view\widget\info_card.dart,59
File,lib\presentation\pages\search_ride-screen.dart\view\widget\participant_widget.dart,56
File,lib\presentation\pages\search_ride-screen.dart\view\widget\passenger_widet.dart,78
File,lib\presentation\pages\search_ride-screen.dart\view\widget\ride_card.dart,1
File,lib\presentation\pages\search_ride-screen.dart\view\widget\search_item.dart,238
File,lib\presentation\pages\search_ride-screen.dart\view\screen\booking_sreen.dart,238
File,lib\presentation\pages\search_ride-screen.dart\view\screen\date_screen.dart,92
File,lib\presentation\pages\search_ride-screen.dart\view\screen\home_screen.dart,215
File,lib\presentation\pages\search_ride-screen.dart\view\screen\location_screen.dart,188
File,lib\presentation\pages\search_ride-screen.dart\view\screen\passengers_screen.dart,90
File,lib\presentation\pages\search_ride-screen.dart\view\screen\ride_details_screen.dart,308
File,lib\presentation\pages\search_ride-screen.dart\view\screen\search_result_screen.dart,124
Folder,lib\presentation\pages\search_ride-screen.dart\view\screen,1255
Folder,lib\presentation\pages\search_ride-screen.dart\view\widget,540
Folder,lib\presentation\pages\search_ride-screen.dart\view,1795
Folder,lib\presentation\pages\search_ride-screen.dart\viewmodel,392
File,lib\presentation\pages\profilmodule\viewmodel\edit_profil_viewmodel.dart,70
File,lib\presentation\pages\profilmodule\viewmodel\profil_viewmodel.dart,142
File,lib\presentation\pages\profilmodule\viewmodel\verif_mail_viewmodel.dart,9
File,lib\presentation\pages\profilmodule\view\widgets\child_list_tile.dart,71
File,lib\presentation\pages\profilmodule\view\widgets\gende_card.dart,50
File,lib\presentation\pages\profilmodule\view\widgets\info_widget.dart,42
File,lib\presentation\pages\profilmodule\view\widgets\ridesharer_button.dart,65
File,lib\presentation\pages\profilmodule\view\widgets\username_field.dart,62
File,lib\presentation\pages\profilmodule\view\screens\edit_mode_screen.dart,353
File,lib\presentation\pages\profilmodule\view\screens\myprofil_screen.dart,584
File,lib\presentation\pages\profilmodule\view\screens\profil_screen.dart,88
File,lib\presentation\pages\profilmodule\view\screens\verif_mail_screen.dart,96
Folder,lib\presentation\pages\profilmodule\view\screens,1121
Folder,lib\presentation\pages\profilmodule\view\widgets,290
Folder,lib\presentation\pages\profilmodule\view,1411
Folder,lib\presentation\pages\profilmodule\viewmodel,221
File,lib\presentation\pages\onboarding\viewmodel\onboardingviewmodel.dart,10
File,lib\presentation\pages\onboarding\view\widgets\firstpage.dart,30
File,lib\presentation\pages\onboarding\view\widgets\secondpage.dart,33
File,lib\presentation\pages\onboarding\view\widgets\thirdpages.dart,32
File,lib\presentation\pages\onboarding\view\onbardingscreen.dart,152
Folder,lib\presentation\pages\onboarding\view\widgets,95
File,lib\presentation\pages\onboarding\profil_view_model.dart,1
Folder,lib\presentation\pages\onboarding\view,247
Folder,lib\presentation\pages\onboarding\viewmodel,10
File,lib\presentation\pages\maps\loaction_form.dart,133
File,lib\presentation\pages\maps\mapcontroller.dart,59
File,lib\presentation\pages\maps\maps_helper.dart,209
File,lib\presentation\pages\maps\mapview.dart,38
File,lib\presentation\pages\homemodule\view\widgets\nav_icon.dart,21
File,lib\presentation\pages\homemodule\view\widgets\notif_icon.dart,28
File,lib\presentation\pages\homemodule\view\widgets\phone_number_field.dart,1
File,lib\presentation\pages\homemodule\view\screens\coversation_screen.dart,10
File,lib\presentation\pages\homemodule\view\screens\homescreen.dart,82
Folder,lib\presentation\pages\homemodule\view\screens,92
Folder,lib\presentation\pages\homemodule\view\widgets,50
Folder,lib\presentation\pages\homemodule\view,142
Folder,lib\presentation\pages\homemodule\viewmodel,0
File,lib\presentation\pages\authmodule\viewmodel\forgot_pass_viewmodem.dart,139
File,lib\presentation\pages\authmodule\viewmodel\loginviewmodel.dart,105
File,lib\presentation\pages\authmodule\viewmodel\otp_viewmodel.dart,90
File,lib\presentation\pages\authmodule\viewmodel\reset_pass_viewmodel.dart,32
File,lib\presentation\pages\authmodule\viewmodel\signupviewmodel.dart,125
File,lib\presentation\pages\authmodule\view\widgets\email.dart,41
File,lib\presentation\pages\authmodule\view\widgets\forgetpass.dart,74
File,lib\presentation\pages\authmodule\view\widgets\loginbutt.dart,29
File,lib\presentation\pages\authmodule\view\widgets\name.dart,43
File,lib\presentation\pages\authmodule\view\widgets\password.dart,64
File,lib\presentation\pages\authmodule\view\widgets\socialbuton.dart,59
File,lib\presentation\pages\authmodule\view\screens\forgot_screen.dart,95
File,lib\presentation\pages\authmodule\view\screens\gender_select_page.dart,154
File,lib\presentation\pages\authmodule\view\screens\loginpage.dart,183
File,lib\presentation\pages\authmodule\view\screens\phone_number.dart,184
File,lib\presentation\pages\authmodule\view\screens\reset_pass_screen.dart,193
File,lib\presentation\pages\authmodule\view\screens\signup.dart,183
File,lib\presentation\pages\authmodule\view\screens\verif_otp_page.dart,178
File,lib\presentation\pages\authmodule\view\screens\webview.dart,20
Folder,lib\presentation\pages\authmodule\view\screens,1190
Folder,lib\presentation\pages\authmodule\view\widgets,310
Folder,lib\presentation\pages\authmodule\view,1500
Folder,lib\presentation\pages\authmodule\viewmodel,491
Folder,lib\presentation\pages\authmodule,1991
Folder,lib\presentation\pages\homemodule,142
Folder,lib\presentation\pages\maps,439
Folder,lib\presentation\pages\onboarding,258
Folder,lib\presentation\pages\profilmodule,1632
Folder,lib\presentation\pages\search_ride-screen.dart,2187
Folder,lib\presentation\pages\shareridemodule,1644
Folder,lib\presentation\pages\splash,146
File,lib\presentation\component\application_bar.dart,103
File,lib\presentation\component\components.dart,12
File,lib\presentation\component\custom_calendar.dart,82
File,lib\presentation\component\custom_circle.dart,72
File,lib\presentation\component\dotted_line.dart,41
File,lib\presentation\component\dropdown_picker.dart,35
File,lib\presentation\component\dropdown_picker_with_icon.dart,43
File,lib\presentation\component\flutter_switch.dart,62
File,lib\presentation\component\intro_dots.dart,68
File,lib\presentation\component\loadings.dart,127
File,lib\presentation\component\pin_text_field.dart,178
File,lib\presentation\component\primary_button.dart,63
File,lib\presentation\component\rich_dialog_box.dart,98
File,lib\presentation\component\segmented_selector.dart,39
File,lib\presentation\component\text_form_fields.dart,280
File,lib\presentation\component\top_bar.dart,40
File,lib\presentation\common\state_render.dart,150
File,lib\presentation\common\state_render_imp.dart,181
Folder,lib\presentation\common,331
Folder,lib\presentation\component,1343
Folder,lib\presentation\pages,8439
Folder,lib\presentation\utils,687
File,lib\navigation\routes.dart,45
File,lib\navigation\routes_constant.dart,37
File,lib\domain\usecases\auth_usecase.dart\forgot_pass_use_case.dart,17
File,lib\domain\usecases\auth_usecase.dart\get_ride_by_id_usecase.dart,14
File,lib\domain\usecases\auth_usecase.dart\get_ride_uses_case.dart,21
File,lib\domain\usecases\auth_usecase.dart\get_user_data_use_case.dart,29
File,lib\domain\usecases\auth_usecase.dart\login_usecase.dart,20
File,lib\domain\usecases\auth_usecase.dart\logout_use_case.dart,14
File,lib\domain\usecases\auth_usecase.dart\register_uscase.dart,14
File,lib\domain\usecases\auth_usecase.dart\resend_otp_usecase.dart,15
File,lib\domain\usecases\auth_usecase.dart\resetpass_usecase.dart,16
File,lib\domain\usecases\auth_usecase.dart\rides_usecase.dart,14
File,lib\domain\usecases\auth_usecase.dart\search_ride_use_case.dart,13
File,lib\domain\usecases\auth_usecase.dart\update_info_usecase.dart,21
File,lib\domain\usecases\auth_usecase.dart\verify_otp.dart,17
Folder,lib\domain\usecases\auth_usecase.dart,225
File,lib\domain\repository\repository.dart,18
File,lib\domain\repository\rides_repository.dart,19
File,lib\domain\repository\user_info_repo.dart,15
File,lib\domain\models\ride.dart,35
File,lib\domain\models\user.dart,47
Folder,lib\domain\models,82
Folder,lib\domain\repository,52
Folder,lib\domain\usecases,225
File,lib\data\responses\auth_response.dart,14
File,lib\data\responses\base_response.dart,19
File,lib\data\responses\login_response.dart,35
File,lib\data\responses\rides_responses.dart,25
File,lib\data\responses\search_ride_response.dart,26
File,lib\data\responses\user_data_response.dart,34
File,lib\data\repository\repo_impl.dart,124
File,lib\data\repository\rides_repo_impl.dart,163
File,lib\data\repository\user_info_repo_impl.dart,143
File,lib\data\network\error_handler.dart,156
File,lib\data\network\failure.dart,7
File,lib\data\network\network_info.dart,15
File,lib\data\network\requests.dart,72
File,lib\data\mapper\mapper.dart,1
File,lib\data\datasource\remote\auth_remote_data.dart,169
File,lib\data\datasource\remote\rides_remote_datasource.dart,127
File,lib\data\datasource\remote\userinfo_remote_datasource.dart,141
Folder,lib\data\datasource\local,0
Folder,lib\data\datasource\remote,437
Folder,lib\data\datasource,437
Folder,lib\data\mapper,1
Folder,lib\data\network,250
Folder,lib\data\repository,430
Folder,lib\data\responses,153
File,lib\app\app.dart,20
File,lib\app\app_prefs.dart,39
File,lib\app\bindings.dart,61
File,lib\app\contants.dart,9
File,lib\app\di.dart,27
File,lib\app\extentions.dart,25
File,lib\app\localization.dart,240
File,lib\app\middelware.dart,16
File,lib\app\theme_controller.dart,53
Folder,lib\app,490
File,lib\autocomplete.dart,139
Folder,lib\data,1271
Folder,lib\domain,359
File,lib\main.dart,40
Folder,lib\navigation,82
File,lib\page.dart,1
Folder,lib\presentation,10800
File,lib\test.dart,82
File,lib\test_map.dart,612
File,lib\toast.dart,116
File,ios\RunnerTests\RunnerTests.swift,13
File,ios\Runner.xcworkspace\xcshareddata\IDEWorkspaceChecks.plist,9
File,ios\Runner.xcworkspace\xcshareddata\WorkspaceSettings.xcsettings,9
File,ios\Runner.xcworkspace\contents.xcworkspacedata,8
Folder,ios\Runner.xcworkspace\xcshareddata,18
File,ios\Runner.xcodeproj\xcshareddata\xcschemes\Runner.xcscheme,99
Folder,ios\Runner.xcodeproj\xcshareddata\xcschemes,99
File,ios\Runner.xcodeproj\project.xcworkspace\xcshareddata\IDEWorkspaceChecks.plist,9
File,ios\Runner.xcodeproj\project.xcworkspace\xcshareddata\WorkspaceSettings.xcsettings,9
File,ios\Runner.xcodeproj\project.xcworkspace\contents.xcworkspacedata,8
Folder,ios\Runner.xcodeproj\project.xcworkspace\xcshareddata,18
File,ios\Runner.xcodeproj\project.pbxproj,614
Folder,ios\Runner.xcodeproj\project.xcworkspace,26
Folder,ios\Runner.xcodeproj\xcshareddata,99
File,ios\Runner\Base.lproj\LaunchScreen.storyboard,38
File,ios\Runner\Base.lproj\Main.storyboard,27
File,ios\Runner\Assets.xcassets\LaunchImage.imageset\Contents.json,24
File,ios\Runner\Assets.xcassets\LaunchImage.imageset\LaunchImage.png,3
File,ios\Runner\Assets.xcassets\LaunchImage.imageset\LaunchImage@2x.png,3
File,ios\Runner\Assets.xcassets\LaunchImage.imageset\LaunchImage@3x.png,3
File,ios\Runner\Assets.xcassets\LaunchImage.imageset\README.md,5
File,ios\Runner\Assets.xcassets\AppIcon.appiconset\Contents.json,123
File,ios\Runner\Assets.xcassets\AppIcon.appiconset\Icon-App-1024x1024@1x.png,6
File,ios\Runner\Assets.xcassets\AppIcon.appiconset\Icon-App-20x20@1x.png,3
File,ios\Runner\Assets.xcassets\AppIcon.appiconset\Icon-App-20x20@2x.png,4
File,ios\Runner\Assets.xcassets\AppIcon.appiconset\Icon-App-20x20@3x.png,4
File,ios\Runner\Assets.xcassets\AppIcon.appiconset\Icon-App-29x29@1x.png,4
File,ios\Runner\Assets.xcassets\AppIcon.appiconset\Icon-App-29x29@2x.png,3
File,ios\Runner\Assets.xcassets\AppIcon.appiconset\Icon-App-29x29@3x.png,3
File,ios\Runner\Assets.xcassets\AppIcon.appiconset\Icon-App-40x40@1x.png,4
File,ios\Runner\Assets.xcassets\AppIcon.appiconset\Icon-App-40x40@2x.png,4
File,ios\Runner\Assets.xcassets\AppIcon.appiconset\Icon-App-40x40@3x.png,7
File,ios\Runner\Assets.xcassets\AppIcon.appiconset\Icon-App-60x60@2x.png,7
File,ios\Runner\Assets.xcassets\AppIcon.appiconset\Icon-App-60x60@3x.png,8
File,ios\Runner\Assets.xcassets\AppIcon.appiconset\Icon-App-76x76@1x.png,7
File,ios\Runner\Assets.xcassets\AppIcon.appiconset\Icon-App-76x76@2x.png,5
File,ios\Runner\Assets.xcassets\AppIcon.appiconset\Icon-App-83.5x83.5@2x.png,8
Folder,ios\Runner\Assets.xcassets\AppIcon.appiconset,200
Folder,ios\Runner\Assets.xcassets\LaunchImage.imageset,38
File,ios\Runner\AppDelegate.swift,18
Folder,ios\Runner\Assets.xcassets,238
Folder,ios\Runner\Base.lproj,65
File,ios\Runner\GeneratedPluginRegistrant.h,20
File,ios\Runner\GeneratedPluginRegistrant.m,113
File,ios\Runner\Info.plist,52
File,ios\Runner\Runner-Bridging-Header.h,2
File,ios\Flutter\AppFrameworkInfo.plist,27
File,ios\Flutter\Debug.xcconfig,2
File,ios\Flutter\flutter_export_environment.sh,14
File,ios\Flutter\Generated.xcconfig,15
File,ios\Flutter\Release.xcconfig,2
File,ios\.gitignore,35
Folder,ios\Flutter,60
Folder,ios\Runner,508
Folder,ios\Runner.xcodeproj,739
Folder,ios\Runner.xcworkspace,26
Folder,ios\RunnerTests,13
File,assets\styles\styles.txt,202
File,assets\json\empty.json,1
File,assets\json\error.json,1
File,assets\json\loading.json,1
File,assets\json\success.json,1
File,assets\images\birds.svg,25
File,assets\images\bottom_triangle.png,3
File,assets\images\car.svg,131
File,assets\images\card_design.png,269
File,assets\images\carHome.png,686
File,assets\images\car_image.png,332
File,assets\images\car_img.png,337
File,assets\images\cloud.svg,4
File,assets\images\driver_pic.png,402
File,assets\images\edit_circle.png,49
File,assets\images\email_check.png,317
File,assets\images\enable_location.png,291
File,assets\images\forgot_pass.png,414
File,assets\images\ic_launcher.png,293
File,assets\images\login_image.png,311
File,assets\images\logo.png,121
File,assets\images\man.png,1161
File,assets\images\map.png,1278
File,assets\images\message_btn.png,28
File,assets\images\mobile_verification.png,290
File,assets\images\neighbour_image.png,723
File,assets\images\otp_verification.png,408
File,assets\images\person_avatar.png,16
File,assets\images\phone_btn.png,14
File,assets\images\popup_back.png,7
File,assets\images\rating_back.svg,4
File,assets\images\rating_star.svg,10
File,assets\images\refer_circle.png,108
File,assets\images\route_map.png,2721
File,assets\images\seat_booking_image.png,4765
File,assets\images\setting_circle.png,219
File,assets\images\signup_image.png,400
File,assets\images\splash_bottom_vector.png,9
File,assets\images\splash_top_vector.png,17
File,assets\images\split_cost.png,217
File,assets\images\success_img.png,623
File,assets\images\taxi.png,465
File,assets\images\top_triangle.png,3
File,assets\images\tower_vector.svg,4
File,assets\images\track_ride_image.png,997
File,assets\images\tree.svg,13
File,assets\images\Vector.png,4
File,assets\images\video_btn.png,41
File,assets\images\video_camera.png,16
File,assets\images\video_chat.png,11
File,assets\images\young_people.png,785
File,assets\icons\add.png,5
File,assets\icons\add.svg,9
File,assets\icons\add_blue.png,8
File,assets\icons\add_icon.svg,4
File,assets\icons\age.png,3
File,assets\icons\arrow_right.png,6
File,assets\icons\arrow_right.svg,6
File,assets\icons\bell_icon.png,31
File,assets\icons\block.png,8
File,assets\icons\blue_calendar.png,4
File,assets\icons\blue_loc.svg,4
File,assets\icons\calendar.png,3
File,assets\icons\car.svg,13
File,assets\icons\card_icon.svg,4
File,assets\icons\car_blue.png,3
File,assets\icons\car_icon.svg,4
File,assets\icons\car_image.svg,30
File,assets\icons\car_red.png,4
File,assets\icons\car_seat.png,3
File,assets\icons\cash_icon.png,22
File,assets\icons\cash_icon.svg,4
File,assets\icons\chat_icon.png,43
File,assets\icons\chat_selected_icon.png,31
File,assets\icons\check.png,6
File,assets\icons\circle_check.svg,5
File,assets\icons\clock.png,4
File,assets\icons\clock.svg,4
File,assets\icons\close_icon.svg,5
File,assets\icons\coupon_icon.svg,17
File,assets\icons\cross.png,5
File,assets\icons\date_icon.svg,4
File,assets\icons\delete.png,3
File,assets\icons\edit.png,5
File,assets\icons\edit.svg,4
File,assets\icons\edit_icon.svg,5
File,assets\icons\edit_image.png,4
File,assets\icons\edit_profil.png,13
File,assets\icons\ellipse.svg,4
File,assets\icons\eye.svg,5
File,assets\icons\eye_strike.svg,6
File,assets\icons\fa_user.png,7
File,assets\icons\fb.svg,4
File,assets\icons\fb_icon.png,71
File,assets\icons\female.png,10
File,assets\icons\female_bw.png,22
File,assets\icons\file_icon.png,115
File,assets\icons\filled_calendar.svg,6
File,assets\icons\filled_user.svg,11
File,assets\icons\flag_icon.png,5
File,assets\icons\forward.svg,4
File,assets\icons\gender.png,4
File,assets\icons\good_service.svg,30
File,assets\icons\google.svg,9
File,assets\icons\google_icon.png,83
File,assets\icons\green_tick_icon.svg,5
File,assets\icons\home_circle.png,20
File,assets\icons\home_icon.png,37
File,assets\icons\home_icon.svg,5
File,assets\icons\home_selected_icon.png,33
File,assets\icons\horizontal_dots.svg,4
File,assets\icons\info.svg,4
File,assets\icons\info_back.svg,4
File,assets\icons\info_icon.png,561
File,assets\icons\info_red.png,6
File,assets\icons\loc.svg,4
File,assets\icons\location.png,5
File,assets\icons\location.svg,10
File,assets\icons\location_icon.svg,5
File,assets\icons\lock_icon.png,23
File,assets\icons\logo.svg,32
File,assets\icons\logout.png,17
File,assets\icons\logout.svg,11
File,assets\icons\logout_red.png,9
File,assets\icons\mail.png,4
File,assets\icons\mail_icon.png,25
File,assets\icons\mail_icon.svg,4
File,assets\icons\male.png,5
File,assets\icons\male_bw.png,62
File,assets\icons\maps.png,7
File,assets\icons\mastercard_icon.png,22
File,assets\icons\message.png,10
File,assets\icons\minus.png,9
File,assets\icons\mobile.svg,4
File,assets\icons\mobile_icon.svg,4
File,assets\icons\money.png,5
File,assets\icons\money_yellow.png,10
File,assets\icons\msg_icon.svg,4
File,assets\icons\notification.svg,10
File,assets\icons\number_red.png,3
File,assets\icons\office_circle.png,22
File,assets\icons\office_icon.svg,5
File,assets\icons\passenger.svg,4
File,assets\icons\password.svg,6
File,assets\icons\password_red.png,8
File,assets\icons\payment.png,17
File,assets\icons\paypal_icon.png,10
File,assets\icons\person.png,4
File,assets\icons\person_blue.png,3
File,assets\icons\person_icon.svg,4
File,assets\icons\phone.png,10
File,assets\icons\phone.svg,4
File,assets\icons\phone_icon.png,27
File,assets\icons\phone_icon.svg,4
File,assets\icons\plus_fill_icon.svg,5
File,assets\icons\preferences.svg,4
File,assets\icons\profile_icon.png,15
File,assets\icons\profile_selected_icon.png,16
File,assets\icons\promo_code.png,18
File,assets\icons\promo_code.svg,15
File,assets\icons\red_calendar.png,4
File,assets\icons\refer.png,12
File,assets\icons\refer_icon.svg,25
File,assets\icons\rejected.png,3
File,assets\icons\search_icon.svg,4
File,assets\icons\seat.svg,5
File,assets\icons\send_fill_icon.svg,10
File,assets\icons\send_icon.svg,4
File,assets\icons\settings.png,18
File,assets\icons\settings.svg,5
File,assets\icons\settings_red.png,8
File,assets\icons\star.png,9
File,assets\icons\star.svg,6
File,assets\icons\star_icon.svg,4
File,assets\icons\svg-spinners_blocks-shuffle-3.png,8
File,assets\icons\terms.png,22
File,assets\icons\terms_circle.png,51
File,assets\icons\tick_icon.svg,4
File,assets\icons\twiter_icon.png,79
File,assets\icons\twitter.svg,4
File,assets\icons\uis_calender.png,4
File,assets\icons\user.png,7
File,assets\icons\user.svg,5
File,assets\icons\verified.svg,18
File,assets\icons\video_call.svg,4
File,assets\icons\video_chat.png,93
File,assets\icons\visacard_icon.png,21
File,assets\icons\wallet.svg,11
File,assets\icons\wallet_icon.png,38
File,assets\icons\wallet_selected_icon.png,23
File,assets\icons\wallet_yellow.svg,11
File,assets\icons\whatsapp.svg,4
File,assets\icons\white_seat.png,4
File,assets\icons\yellow_circle.png,65
Folder,assets\icons,2509
Folder,assets\images,19342
Folder,assets\json,4
Folder,assets\styles,202
File,android\gradle\wrapper\gradle-wrapper.jar,360
File,android\gradle\wrapper\gradle-wrapper.properties,6
Folder,android\gradle\wrapper,366
File,android\app\src\profile\AndroidManifest.xml,28
File,android\app\src\main\res\values-night\styles.xml,19
File,android\app\src\main\res\values\styles.xml,19
File,android\app\src\main\res\mipmap-xxxhdpi\ic_launcher.png,11
File,android\app\src\main\res\mipmap-xxhdpi\ic_launcher.png,7
File,android\app\src\main\res\mipmap-xhdpi\ic_launcher.png,4
File,android\app\src\main\res\mipmap-mdpi\ic_launcher.png,4
File,android\app\src\main\res\mipmap-hdpi\ic_launcher.png,4
File,android\app\src\main\res\drawable-v21\launch_background.xml,13
File,android\app\src\main\res\drawable\launch_background.xml,13
Folder,android\app\src\main\res\drawable,13
Folder,android\app\src\main\res\drawable-v21,13
Folder,android\app\src\main\res\mipmap-hdpi,4
Folder,android\app\src\main\res\mipmap-mdpi,4
Folder,android\app\src\main\res\mipmap-xhdpi,4
Folder,android\app\src\main\res\mipmap-xxhdpi,7
Folder,android\app\src\main\res\mipmap-xxxhdpi,11
Folder,android\app\src\main\res\values,19
Folder,android\app\src\main\res\values-night,19
File,android\app\src\main\kotlin\com\example\carpooling\MainActivity.kt,7
Folder,android\app\src\main\kotlin\com\example\carpooling,7
Folder,android\app\src\main\kotlin\com\example,7
Folder,android\app\src\main\kotlin\com,7
File,android\app\src\main\java\io\flutter\plugins\GeneratedPluginRegistrant.java,95
Folder,android\app\src\main\java\io\flutter\plugins,95
Folder,android\app\src\main\java\io\flutter,95
Folder,android\app\src\main\java\io,95
File,android\app\src\main\AndroidManifest.xml,55
Folder,android\app\src\main\java,95
Folder,android\app\src\main\kotlin,7
Folder,android\app\src\main\res,94
File,android\app\src\debug\AndroidManifest.xml,8
Folder,android\app\src\debug,8
Folder,android\app\src\main,251
Folder,android\app\src\profile,28
File,android\app\build.gradle,74
Folder,android\app\src,287
File,android\.gradle\vcs-1\gc.properties,1
File,android\.gradle\buildOutputCleanup\buildOutputCleanup.lock,1
File,android\.gradle\buildOutputCleanup\cache.properties,3
File,android\.gradle\buildOutputCleanup\outputFiles.bin,534
File,android\.gradle\7.5\fileHashes\fileHashes.bin,3692
File,android\.gradle\7.5\fileHashes\fileHashes.lock,1
File,android\.gradle\7.5\fileHashes\resourceHashesCache.bin,41
File,android\.gradle\7.5\fileChanges\last-build.bin,1
File,android\.gradle\7.5\executionHistory\executionHistory.bin,35849
File,android\.gradle\7.5\executionHistory\executionHistory.lock,1
File,android\.gradle\7.5\dependencies-accessors\dependencies-accessors.lock,1
File,android\.gradle\7.5\dependencies-accessors\gc.properties,1
File,android\.gradle\7.5\checksums\checksums.lock,2
File,android\.gradle\7.5\checksums\md5-checksums.bin,78
File,android\.gradle\7.5\checksums\sha1-checksums.bin,228
Folder,android\.gradle\7.5\checksums,308
Folder,android\.gradle\7.5\dependencies-accessors,2
Folder,android\.gradle\7.5\executionHistory,35850
Folder,android\.gradle\7.5\fileChanges,1
Folder,android\.gradle\7.5\fileHashes,3734
File,android\.gradle\7.5\gc.properties,1
Folder,android\.gradle\7.5\vcsMetadata,0
Folder,android\.gradle\7.5,39896
Folder,android\.gradle\buildOutputCleanup,538
File,android\.gradle\file-system.probe,1
Folder,android\.gradle\vcs-1,1
File,android\.gitignore,14
Folder,android\.gradle,40436
Folder,android\app,361
File,android\build.gradle,32
Folder,android\gradle,366
File,android\gradle.properties,4
File,android\gradlew,161
File,android\gradlew.bat,91
File,android\local.properties,5
File,android\settings.gradle,12
Folder,.dart_tool,0
Folder,.git,0
File,.gitignore,45
Folder,.idea,0
File,.metadata,31
File,analysis_options.yaml,30
Folder,android,41482
Folder,assets,22057
Folder,build,0
Folder,ios,1381
Folder,lib,13992
Folder,linux,33477
Folder,macos,1907
File,pubspec.lock,1347
File,pubspec.yaml,133
File,README.md,17
Folder,test,31
Folder,web,207
Folder,windows,24218
Total number of lines,,140355
